{"stds":{"Action History":0.10799849767898802,"Disturbance":0.7698230530954284,"Baseline":0.18966491796845106,"Observation Noise":0.35407362754730937,"Rotor Delay":0.9888510352775727},"means":{"Action History":0.17419883222734683,"Disturbance":0.4134394355129102,"Baseline":0.15766273648423051,"Observation Noise":0.23223055073736482,"Rotor Delay":0.9823442159983525},"rmses":{"Action History":{"RMSEs":[0.11510487795218069,0.13836969499670948,0.15417657565324316,0.17812295939575823,0.4639965142641307,0.10191743350355914,0.1344589271290615,0.08165761993482423,0.18008921706944706,0.19409450237455414]},"Disturbance":{"RMSEs":[0.09161099280991539,0.2609924071840438,0.09062076196068145,0.10903312490927897,0.1081485988259862,0.4310420797738836,0.23023270998465473,2.582140868572919,0.14549931797070328,0.08507349313703579]},"Baseline":{"RMSEs":[0.0713123118864063,0.0589999608535179,0.1534249641936201,0.06039555691985031,0.6872960001371494,0.15055603524326297,0.14019306126807213,0.09699158782529571,0.08490403377564705,0.07255385273948328]},"Observation Noise":{"RMSEs":[0.09726885409152923,1.2105396771535213,0.06484844771062612,0.1121914135126663,0.09080763853882834,0.11444115370419718,0.05852379950642595,0.12511600217570845,0.35644893638403385,0.0921195845961112]},"Rotor Delay":{"RMSEs":[0.2594094219861012,1.2059980327143158,0.2931259416390587,2.912842989382804,0.1049735655946251,0.17171799160211754,0.13876843954996074,1.9390720949500317,1.9579073313702118,0.8396263511942994]}},"medians":{"Action History":0.14627313532497632,"Disturbance":0.1272662214399911,"Baseline":0.09094781080047137,"Observation Noise":0.10473013380209777,"Rotor Delay":0.566376146416679}}